<?xml version="1.0" encoding="UTF-8"?>
<LoganContent oms_version="2.50.2.0.0" name="content_ocid1.tenancy.oc1..aaaaaaaa5s2vdjjrydixjulorcwozffbpna37w5a35p3jhgpyshlkmio6oiq_1650039506307" content_version="2.50.2.0.0" xmlns="http://www.oracle.com/DataCenter/LogAnalyticsStd">
    <Field oms_version="2.50.2.0.0">
        <DisplayName>sensor</DisplayName>
        <FieldType>1</FieldType>
        <IsSystem>0</IsSystem>
        <IsPrimary>1</IsPrimary>
        <DataType>STRING</DataType>
        <IsMetricKeyEligible>0</IsMetricKeyEligible>
        <IsMetricValueEligible>0</IsMetricValueEligible>
        <FacetEligible>1</FacetEligible>
        <RangeFacetEligible>0</RangeFacetEligible>
        <TableEligible>1</TableEligible>
        <FacetPriority>1</FacetPriority>
        <Summarizable>1</Summarizable>
        <HighCardinality>1</HighCardinality>
        <LargeData>0</LargeData>
        <MultiValued>0</MultiValued>
        <SMAEnabledSetting>0</SMAEnabledSetting>
    </Field>
    
    <Tag>
<Name>#medium_severity_sensor</Name>
<DisplayName>Medium Severity Sensor</DisplayName>
<IsSystem>0</IsSystem>
<ProblemPriority>MEDIUM</ProblemPriority>
</Tag>
    <Source name="Siebel Sensor: SIEBEL_S_UI_ORPHAN_RECORDS - Daily" oms_version="2.50.2.0.0" configWarningSettings="0">
    <SourceType>database_sql</SourceType>
    <TargetTypes>
        <TargetType>omc_oracle_db_instance</TargetType>
        <TargetType>omc_oracle_pdb</TargetType>
    </TargetTypes>
    <DisplayName>Siebel Sensor: SIEBEL_S_UI_ORPHAN_RECORDS - Daily</DisplayName>
    <Description><![CDATA[]]></Description>
    <IsSystem>0</IsSystem>
    <IsSecureContent>1</IsSecureContent>
    <Patterns>
        <DBPattern dateTimeField="entrytime" dateTimeColumns="entrytime">
        <SQLQuery>
            <![CDATA[select 'Siebel Sensor: SIEBEL_S_UI_ORPHAN_RECORDS - Daily' sensor, to_timestamp(to_char(sysdate, 'YYYY-MM-DD hh24:mi:ss'), 'YYYY-MM-DD hh24:mi:ss') entrytime, s.KEY_DATA, s.EVENT_RAISED FROM (SELECT 'ORPHAN RECORDS COUNT FOR SIEBEL.S_UI_EXPR/SIEBEL.S_UI_OBJECT AND SIEBEL.S_UI_OBJ_EXP_FL/SIEBEL.S_UI_FILE RELATIONSHIP IS ' || SUMM KEY_DATA,  'Proposed solution: IP18 Repository Export Failing (Doc ID 2484063.1)' AS SOLUTION,  SUMM as EVENT_RAISED  FROM  (  SELECT SUM(CNT) SUMM FROM (  --This NOT EXISTSs will return THE COUNT FOR all records from the S_UI_OBJ_EXPR table where there are no records in the SIEBEL.S_UI_OBJECT/SIEBEL.S_UI_EXPR/SIEBEL.S_UI_FILE table for the given UI_OBJECT_ID/UI_EXPR_ID/UI_FILE_ID  SELECT count(*)CNT FROM SIEBEL.S_UI_OBJ_EXPR WHERE NOT EXISTS  (SELECT 1 FROM SIEBEL.S_UI_OBJECT WHERE SIEBEL.S_UI_OBJECT.row_id = SIEBEL.S_UI_OBJ_EXPR.UI_OBJECT_ID)  AND SIEBEL.S_UI_OBJ_EXPR.repository_id = (SELECT ROW_ID FROM SIEBEL.S_REPOSITORY WHERE NAME='Siebel Repository')   UNION ALL  --This NOT EXISTSs will return THE COUNT FOR all records from the SIEBEL.S_UI_OBJ_EXP_FLR table where there are no records in the SIEBEL.S_UI_FILE/SIEBEL.S_UI_OBJ_EXPR table for the given UI_FILE_ID/UI_OBJ_EXPR_ID  SELECT count(*)CNT FROM SIEBEL.S_UI_OBJ_EXP_FL WHERE NOT EXISTS  (SELECT 1 FROM SIEBEL.S_UI_FILE WHERE SIEBEL.S_UI_FILE.row_id = SIEBEL.S_UI_OBJ_EXP_FL.UI_FILE_ID)  AND SIEBEL.S_UI_OBJ_EXP_FL.repository_id = (SELECT ROW_ID FROM SIEBEL.S_REPOSITORY WHERE NAME='Siebel Repository')  ))) s]]>
        </SQLQuery>
        <IsInclude>1</IsInclude>
            <InUse>1</InUse>
            <DBQueryFieldList>
                <DBPatternSeqField>entrytime</DBPatternSeqField>
                <DBPatternField>
                    <DBQueryColName>sensor</DBQueryColName>
                    <FieldName>udfs1</FieldName>
                </DBPatternField>
                <DBPatternField>
                    <DBQueryColName>entrytime</DBQueryColName>
                    <FieldName>time</FieldName>
                </DBPatternField>
                <DBPatternField>
                                        <DBQueryColName>KEY_DATA</DBQueryColName>
                                        <FieldName>data</FieldName>
                                   </DBPatternField><DBPatternField>
                                        <DBQueryColName>COUNT</DBQueryColName>
                                        <FieldName>eventcount</FieldName>
                                   </DBPatternField>
            </DBQueryFieldList>
            <IsSystem>0</IsSystem>
            <IsEnabled>1</IsEnabled>
            </DBPattern>
    </Patterns>
        <TagConditions>
            <TagCondition operator="CONTAINS_REGEX" field="udfs1" alertRuleVisible="0">
                <ConditionValues>
                    <ConditionValue>%</ConditionValue>
                </ConditionValues>
                <ConditionTags tagField="mtag">
                    <ConditionTag>#medium_severity_sensor</ConditionTag>
                </ConditionTags>
                <IsSystem>0</IsSystem>
                <IsEnabled>1</IsEnabled>
            </TagCondition>
        </TagConditions>
        <IsHidden>0</IsHidden>
        <IsSMAEnabled>0</IsSMAEnabled>
    </Source>
    <FieldNameMaps>
        <FieldNameMap>
            <Name>udfs1</Name>
            <DisplayName>sensor</DisplayName>
        </FieldNameMap>
        
    </FieldNameMaps>
</LoganContent>