<?xml version="1.0" encoding="UTF-8"?>
<LoganContent oms_version="2.50.2.0.0" name="content_ocid1.tenancy.oc1..aaaaaaaa5s2vdjjrydixjulorcwozffbpna37w5a35p3jhgpyshlkmio6oiq_1650039506307" content_version="2.50.2.0.0" xmlns="http://www.oracle.com/DataCenter/LogAnalyticsStd">
    <Field oms_version="2.50.2.0.0">
        <DisplayName>sensor</DisplayName>
        <FieldType>1</FieldType>
        <IsSystem>0</IsSystem>
        <IsPrimary>1</IsPrimary>
        <DataType>STRING</DataType>
        <IsMetricKeyEligible>0</IsMetricKeyEligible>
        <IsMetricValueEligible>0</IsMetricValueEligible>
        <FacetEligible>1</FacetEligible>
        <RangeFacetEligible>0</RangeFacetEligible>
        <TableEligible>1</TableEligible>
        <FacetPriority>1</FacetPriority>
        <Summarizable>1</Summarizable>
        <HighCardinality>1</HighCardinality>
        <LargeData>0</LargeData>
        <MultiValued>0</MultiValued>
        <SMAEnabledSetting>0</SMAEnabledSetting>
    </Field>
    
    <Tag>
<Name>#medium_severity_sensor</Name>
<DisplayName>Medium Severity Sensor</DisplayName>
<IsSystem>0</IsSystem>
<ProblemPriority>MEDIUM</ProblemPriority>
</Tag>
    <Source name="Siebel Sensor: SIEBEL_SYSTEM_REQUIRED_WORKFLOWS - Weekly" oms_version="2.50.2.0.0" configWarningSettings="0">
    <SourceType>database_sql</SourceType>
    <TargetTypes>
        <TargetType>omc_oracle_db_instance</TargetType>
        <TargetType>omc_oracle_pdb</TargetType>
    </TargetTypes>
    <DisplayName>Siebel Sensor: SIEBEL_SYSTEM_REQUIRED_WORKFLOWS - Weekly</DisplayName>
    <Description><![CDATA[]]></Description>
    <IsSystem>0</IsSystem>
    <IsSecureContent>1</IsSecureContent>
    <Patterns>
        <DBPattern dateTimeField="entrytime" dateTimeColumns="entrytime">
        <SQLQuery>
            <![CDATA[select 'Siebel Sensor: SIEBEL_SYSTEM_REQUIRED_WORKFLOWS - Weekly' sensor, to_timestamp(to_char(sysdate, 'YYYY-MM-DD hh24:mi:ss'), 'YYYY-MM-DD hh24:mi:ss') entrytime, s.Event FROM (SELECT  COUNT(row_id) AS Event,  'How to Verify If All The System Required Workflows Are Active In Design Time Repository Or Runtime Repository Environment (Doc ID 2828132.1)' AS Solution  FROM  SIEBEL.S_RR_WORKFLOW T1  WHERE  (T1.COMPILED_OBJ_DEFN IS NOT NULL AND T1.WS_ID IN (SELECT ROW_ID FROM S_WORKSPACE WHERE NAME='MAIN' AND ROWNUM<=1 )  AND  T1.VERSION_NUM <= (SELECT VERSION_NUM  FROM S_WS_VERSION WHERE WS_ID IN (SELECT ROW_ID FROM S_WORKSPACE WHERE NAME='MAIN' AND ROWNUM<=1) AND REPOSITORY_ID=(SELECT ROW_ID FROM S_REPOSITORY WHERE NAME='Siebel Repository') AND ROWNUM=1)  AND  T1.NAME IN ('UDA Acknowledgement',  'UDA Batch Deployment',  'UDA Batch Import',  'UDA Data Query',  'UDA Deploy',  'UDA Deployment',  'UDA Environment Verification',  'UDA HTTP Transport',  'UDA Import File',  'UDA Prepare',  'UDA Target Workflow',  'File Transfer Workflow'))) s]]>
        </SQLQuery>
        <IsInclude>1</IsInclude>
            <InUse>1</InUse>
            <DBQueryFieldList>
                <DBPatternSeqField>entrytime</DBPatternSeqField>
                <DBPatternField>
                    <DBQueryColName>sensor</DBQueryColName>
                    <FieldName>udfs1</FieldName>
                </DBPatternField>
                <DBPatternField>
                    <DBQueryColName>entrytime</DBQueryColName>
                    <FieldName>time</FieldName>
                </DBPatternField>
                <DBPatternField>
                                        <DBQueryColName>COUNT</DBQueryColName>
                                        <FieldName>eventcount</FieldName>
                                   </DBPatternField>
            </DBQueryFieldList>
            <IsSystem>0</IsSystem>
            <IsEnabled>1</IsEnabled>
            </DBPattern>
    </Patterns>
        <TagConditions>
            <TagCondition operator="CONTAINS_REGEX" field="udfs1" alertRuleVisible="0">
                <ConditionValues>
                    <ConditionValue>%</ConditionValue>
                </ConditionValues>
                <ConditionTags tagField="mtag">
                    <ConditionTag>#medium_severity_sensor</ConditionTag>
                </ConditionTags>
                <IsSystem>0</IsSystem>
                <IsEnabled>1</IsEnabled>
            </TagCondition>
        </TagConditions>
        <IsHidden>0</IsHidden>
        <IsSMAEnabled>0</IsSMAEnabled>
    </Source>
    <FieldNameMaps>
        <FieldNameMap>
            <Name>udfs1</Name>
            <DisplayName>sensor</DisplayName>
        </FieldNameMap>
        
    </FieldNameMaps>
</LoganContent>