<?xml version="1.0" encoding="UTF-8"?>
<LoganContent oms_version="2.50.2.0.0" name="content_ocid1.tenancy.oc1..aaaaaaaa5s2vdjjrydixjulorcwozffbpna37w5a35p3jhgpyshlkmio6oiq_1650039506307" content_version="2.50.2.0.0" xmlns="http://www.oracle.com/DataCenter/LogAnalyticsStd">
    <Field oms_version="2.50.2.0.0">
        <DisplayName>sensor</DisplayName>
        <FieldType>1</FieldType>
        <IsSystem>0</IsSystem>
        <IsPrimary>1</IsPrimary>
        <DataType>STRING</DataType>
        <IsMetricKeyEligible>0</IsMetricKeyEligible>
        <IsMetricValueEligible>0</IsMetricValueEligible>
        <FacetEligible>1</FacetEligible>
        <RangeFacetEligible>0</RangeFacetEligible>
        <TableEligible>1</TableEligible>
        <FacetPriority>1</FacetPriority>
        <Summarizable>1</Summarizable>
        <HighCardinality>1</HighCardinality>
        <LargeData>0</LargeData>
        <MultiValued>0</MultiValued>
        <SMAEnabledSetting>0</SMAEnabledSetting>
    </Field>
    
    <Tag>
<Name>#medium_severity_sensor</Name>
<DisplayName>Medium Severity Sensor</DisplayName>
<IsSystem>0</IsSystem>
<ProblemPriority>MEDIUM</ProblemPriority>
</Tag>
    <Source name="Siebel Sensor: SIEBEL_EMAIL_SSL_TIMEOUT - Weekly" oms_version="2.50.2.0.0" configWarningSettings="0">
    <SourceType>database_sql</SourceType>
    <TargetTypes>
        <TargetType>omc_oracle_db_instance</TargetType>
        <TargetType>omc_oracle_pdb</TargetType>
    </TargetTypes>
    <DisplayName>Siebel Sensor: SIEBEL_EMAIL_SSL_TIMEOUT - Weekly</DisplayName>
    <Description><![CDATA[]]></Description>
    <IsSystem>0</IsSystem>
    <IsSecureContent>1</IsSecureContent>
    <Patterns>
        <DBPattern dateTimeField="entrytime" dateTimeColumns="entrytime">
        <SQLQuery>
            <![CDATA[select 'Siebel Sensor: SIEBEL_EMAIL_SSL_TIMEOUT - Weekly' sensor, to_timestamp(to_char(sysdate, 'YYYY-MM-DD hh24:mi:ss'), 'YYYY-MM-DD hh24:mi:ss') entrytime, s.KEY_DATA FROM (SELECT DISTINCT   ('ROW_ID = ' || x.row_id || '; CONTROL NAME = ' || x.control_name || '; PARAM NAME = ' || x.param_name || '; VALUE = ' || x.value || '; VALUE2 = ' || y.value) AS KEY_DATA,  'Proposed solution: SSL For POP3 (MS Exchange 2010) is Failing On Siebel 8.1.1.10 , getting ERROR:Timeout reading data from socket. (Doc ID 1932712.1)' AS SOLUTION,   'Y' as EVENT_RAISED  FROM (        SELECT         B.ROW_ID,        A.NAME CONTROL_NAME,        D.NAME PARAM_NAME,        C.VALUE        FROM          SIEBEL.S_CM_CNCTR A JOIN SIEBEL.S_CM_PROF B ON A.ROW_ID=B.CM_CNCTR_ID                     JOIN SIEBEL.S_CM_PROF_PARM C ON B.ROW_ID=C.CM_PROF_ID                     JOIN SIEBEL.S_CM_CNCTR_PARM D ON C.CM_CNCTR_PARM_ID=D.ROW_ID        WHERE A.NAME IN   	  ('Internet SMTP/IMAP Server',  	   'Internet SMTP/POP3 Server')        AND D.NAME IN         ('IMAP Timeout',         'POP3 Timeout')         AND C.VALUE>'0' )x  JOIN         (  	  SELECT         B.ROW_ID,        A.NAME CONTROL_NAME,        D.NAME PARAM_NAME,        C.VALUE        FROM          SIEBEL.S_CM_CNCTR A JOIN SIEBEL.S_CM_PROF B ON A.ROW_ID=B.CM_CNCTR_ID                     JOIN SIEBEL.S_CM_PROF_PARM C ON B.ROW_ID=C.CM_PROF_ID                     JOIN SIEBEL.S_CM_CNCTR_PARM D ON C.CM_CNCTR_PARM_ID=D.ROW_ID        WHERE A.NAME IN    	  ('Internet SMTP/IMAP Server',  	   'Internet SMTP/POP3 Server')        AND D.NAME IN         ('Enable SSL for POP3',         'Enable SSL for IMAP',         'Enable SSL for SMTP',         'Enable TLS for IMAP',         'Enable TLS for POP3',         'Enable TLS for SMTP')         AND UPPER(C.VALUE)='TRUE')Y          ON X.ROW_ID=Y.ROW_ID ) s]]>
        </SQLQuery>
        <IsInclude>1</IsInclude>
            <InUse>1</InUse>
            <DBQueryFieldList>
                <DBPatternSeqField>entrytime</DBPatternSeqField>
                <DBPatternField>
                    <DBQueryColName>sensor</DBQueryColName>
                    <FieldName>udfs1</FieldName>
                </DBPatternField>
                <DBPatternField>
                    <DBQueryColName>entrytime</DBQueryColName>
                    <FieldName>time</FieldName>
                </DBPatternField>
                <DBPatternField>
                                        <DBQueryColName>KEY_DATA</DBQueryColName>
                                        <FieldName>probkey</FieldName>
                                   </DBPatternField>
            </DBQueryFieldList>
            <IsSystem>0</IsSystem>
            <IsEnabled>1</IsEnabled>
            </DBPattern>
    </Patterns>
        <TagConditions>
            <TagCondition operator="CONTAINS_REGEX" field="udfs1" alertRuleVisible="0">
                <ConditionValues>
                    <ConditionValue>%</ConditionValue>
                </ConditionValues>
                <ConditionTags tagField="mtag">
                    <ConditionTag>#medium_severity_sensor</ConditionTag>
                </ConditionTags>
                <IsSystem>0</IsSystem>
                <IsEnabled>1</IsEnabled>
            </TagCondition>
        </TagConditions>
        <IsHidden>0</IsHidden>
        <IsSMAEnabled>0</IsSMAEnabled>
    </Source>
    <FieldNameMaps>
        <FieldNameMap>
            <Name>udfs1</Name>
            <DisplayName>sensor</DisplayName>
        </FieldNameMap>
        
    </FieldNameMaps>
</LoganContent>