<?xml version="1.0" encoding="UTF-8"?>
<LoganContent oms_version="2.50.2.0.0" name="content_ocid1.tenancy.oc1..aaaaaaaa5s2vdjjrydixjulorcwozffbpna37w5a35p3jhgpyshlkmio6oiq_1650039506307" content_version="2.50.2.0.0" xmlns="http://www.oracle.com/DataCenter/LogAnalyticsStd">
    <Field oms_version="2.50.2.0.0">
        <DisplayName>sensor</DisplayName>
        <FieldType>1</FieldType>
        <IsSystem>0</IsSystem>
        <IsPrimary>1</IsPrimary>
        <DataType>STRING</DataType>
        <IsMetricKeyEligible>0</IsMetricKeyEligible>
        <IsMetricValueEligible>0</IsMetricValueEligible>
        <FacetEligible>1</FacetEligible>
        <RangeFacetEligible>0</RangeFacetEligible>
        <TableEligible>1</TableEligible>
        <FacetPriority>1</FacetPriority>
        <Summarizable>1</Summarizable>
        <HighCardinality>1</HighCardinality>
        <LargeData>0</LargeData>
        <MultiValued>0</MultiValued>
        <SMAEnabledSetting>0</SMAEnabledSetting>
    </Field>
    
    <Tag>
<Name>#medium_severity_sensor</Name>
<DisplayName>Medium Severity Sensor</DisplayName>
<IsSystem>0</IsSystem>
<ProblemPriority>MEDIUM</ProblemPriority>
</Tag>
    <Source name="Siebel Sensor: SIEBEL_TXN_ROUTING_BACKLOG - Daily" oms_version="2.50.2.0.0" configWarningSettings="0">
    <SourceType>database_sql</SourceType>
    <TargetTypes>
        <TargetType>omc_oracle_db_instance</TargetType>
        <TargetType>omc_oracle_pdb</TargetType>
    </TargetTypes>
    <DisplayName>Siebel Sensor: SIEBEL_TXN_ROUTING_BACKLOG - Daily</DisplayName>
    <Description><![CDATA[]]></Description>
    <IsSystem>0</IsSystem>
    <IsSecureContent>1</IsSecureContent>
    <Patterns>
        <DBPattern dateTimeField="entrytime" dateTimeColumns="entrytime">
        <SQLQuery>
            <![CDATA[select 'Siebel Sensor: SIEBEL_TXN_ROUTING_BACKLOG - Daily' sensor, to_timestamp(to_char(sysdate, 'YYYY-MM-DD hh24:mi:ss'), 'YYYY-MM-DD hh24:mi:ss') entrytime, s.EVENT_RAISED FROM (SELECT  'Siebel Remote : Transaction Router Failures (Doc ID 477156.1)' AS SOLUTION,   nvl(RS.R_DXFILE - CS.C_DXFILE,0) as EVENT_RAISED  FROM   (   SELECT    ST.ROW_ID,    ST.NODE_ID,    N.NAME,    ST.TYPE,    ST.LAST_FILE_NUM C_DXFILE,   ST.LAST_TXN_NUM C_TXNID,   TO_CHAR (ST.LAST_UPD, 'DD-MON-YY HH24:MI:SS') C_LAST_UPD,   ST.ADDTL_INFO  FROM   SIEBEL.S_DOCK_STATUS ST,  SIEBEL.S_NODE N  WHERE   st.NODE_ID=n.ROW_ID   AND st.LOCAL_FLG='Y'   AND st.TYPE = 'CLEAN'   AND n.NODE_TYPE_CD='TXNPROC'   AND n.EFF_END_DT is null) CS,  (SELECT   ST.ROW_ID,   ST.NODE_ID,   N.NAME,   ST.TYPE,   ST.LAST_FILE_NUM R_DXFILE,   ST.LAST_TXN_NUM R_TXNID,  TO_CHAR (ST.LAST_UPD, 'DD-MON-YY HH24:MI:SS') R_LAST_UPD,  ST.ADDTL_INFO  FROM   SIEBEL.S_DOCK_STATUS ST,  SIEBEL.S_NODE N  WHERE ST.NODE_ID=N.ROW_ID AND  ST.LOCAL_FLG='Y' AND  ST.TYPE = 'ROUTE' AND  N.NODE_TYPE_CD='TXNPROC' AND  N.EFF_END_DT IS NULL) RS  WHERE RS.NODE_ID = CS.NODE_ID  ) s]]>
        </SQLQuery>
        <IsInclude>1</IsInclude>
            <InUse>1</InUse>
            <DBQueryFieldList>
                <DBPatternSeqField>entrytime</DBPatternSeqField>
                <DBPatternField>
                    <DBQueryColName>sensor</DBQueryColName>
                    <FieldName>udfs1</FieldName>
                </DBPatternField>
                <DBPatternField>
                    <DBQueryColName>entrytime</DBQueryColName>
                    <FieldName>time</FieldName>
                </DBPatternField>
                <DBPatternField>
                                        <DBQueryColName>COUNT</DBQueryColName>
                                        <FieldName>eventcount</FieldName>
                                   </DBPatternField>
            </DBQueryFieldList>
            <IsSystem>0</IsSystem>
            <IsEnabled>1</IsEnabled>
            </DBPattern>
    </Patterns>
        <TagConditions>
            <TagCondition operator="CONTAINS_REGEX" field="udfs1" alertRuleVisible="0">
                <ConditionValues>
                    <ConditionValue>%</ConditionValue>
                </ConditionValues>
                <ConditionTags tagField="mtag">
                    <ConditionTag>#medium_severity_sensor</ConditionTag>
                </ConditionTags>
                <IsSystem>0</IsSystem>
                <IsEnabled>1</IsEnabled>
            </TagCondition>
        </TagConditions>
        <IsHidden>0</IsHidden>
        <IsSMAEnabled>0</IsSMAEnabled>
    </Source>
    <FieldNameMaps>
        <FieldNameMap>
            <Name>udfs1</Name>
            <DisplayName>sensor</DisplayName>
        </FieldNameMap>
        
    </FieldNameMaps>
</LoganContent>